<?xml version="1.0" encoding="UTF-8" standalone="yes"?>
<addon id="plugin.video.magicTR"
       name="[COLOR beige]MAGIC[/COLOR][COLOR red]TR[/COLOR]"
       version="1.9.32"
       provider-name="KodiTR.com">
    <requires>
		<import addon="xbmc.python" version="2.1.0"/>
		<import addon="script.module.beautifulsoup" version="3.0.8"/>
		<import addon="script.module.simplejson" />
		<import addon="script.module.urlresolver" />
		<import addon="script.module.t0mm0.common" />
		<import addon="script.module.mechanize" version="0.2.5"/>
		<import addon="script.module.requests" version="2.4.3"/>
    </requires>
  <extension point="xbmc.python.pluginsource"
            library="default.py">
        <provides>video</provides>
  </extension>
  <extension point="xbmc.addon.metadata">
    <summary>xbmcTR Tv Sunar</summary>
    <description>~~~xbmcTR TV ~~~
~~~ HD IPTV  ~~~
~~~   www.xbmctr.tv  ~~~</description>
    <platform>all</platform>
  </extension>
</addon>