<window id="3003">
	<defaultcontrol always="true">9000</defaultcontrol>
	<allowoverlay>yes</allowoverlay>

	<controls>
		<control type="group">
			<animation effect="slide" start="1100,0" end="0,0" time="400" tween="quadratic" easing="out">WindowOpen</animation>
			<animation effect="slide" start="0,0" end="1100,0" time="400" tween="quadratic" easing="out" condition="!Skin.HasSetting(AnimeWindowXMLDialogClose)">conditional</animation>
			<control type="image">
				<posx>0</posx>
				<posy>40</posy>
				<width>1300</width>
				<height>700</height>
				<texture border="15,0,0,0" flipx="false">background.jpg</texture>
			</control>
			<control type="button">
				<description>Close Window button</description>
				<posx>420</posx>
				<posy>640</posy>
				<width>300</width>
				<height>80</height>
				<label>-</label>
				<font>-</font>
				<onclick>PreviousMenu</onclick>
				<texturefocus>DialogCloseButton-focus111.png</texturefocus>
				<texturenofocus>DialogCloseButton1.png</texturenofocus>
				<visible>system.getbool(input.enablemouse)</visible>
				<onleft>9000</onleft>
				<onright>9000</onright>
				<onup>9000</onup>
				<ondown>9000</ondown>
			</control>
			<control type="group">
				<animation effect="fade" delay="400" start="0" end="100" time="200">WindowOpen</animation>
				<animation effect="fade" start="100" end="0" time="200" condition="!Skin.HasSetting(AnimeWindowXMLDialogClose)">conditional</animation>
				<control type="list" id="48">
					<description>Container Item</description>
					<posx>210</posx>
					<posy>50</posy>
					<width>1030</width>
					<height>30</height>
					<onleft>9000</onleft>
					<onright>9000</onright>
					<onup>9000</onup>
					<ondown>9000</ondown>
					<pagecontrol>-</pagecontrol>
					<scrolltime>200</scrolltime>
					<itemlayout height="30" />
					<focusedlayout height="30" />
				</control>
				<control type="grouplist" id="9000">
					<posx>210</posx>
					<posy>660</posy>
					<width>1030</width>
					<height>40</height>
					<itemgap>2</itemgap>
					<align>center</align>
					<orientation>horizontal</orientation>
					<onleft>9000</onleft>
					<onright>9000</onright>
					<onup>61</onup>
					<ondown>49</ondown>
					<control type="button" id="6">
						<description>Refresh</description>
						<height>40</height>
						<width>170</width>
						<textoffsetx>20</textoffsetx>
						<align>center</align>
						<aligny>center</aligny>
						<font>font12_title</font>
						<texturefocus border="5">button-focus.png</texturefocus>
						<texturenofocus border="5">button-nofocus.png</texturenofocus>
						<pulseonselect>false</pulseonselect>
						<label>184</label><!-- label localized in XBMC language -->
						<visible>false</visible>
					</control>
				</control>
			</control>
		</control>
	</controls>
</window>
